data,carteira_buy_and_hold
2020-01-02,100.0
2020-01-03,99.3515065751977
2020-01-06,99.29280339221471
2020-01-07,99.11984974612571
2020-01-08,98.08376358192282
2020-01-09,97.38231711253945
2020-01-10,97.49944580955683
2020-01-13,98.51491206216332
2020-01-14,98.74657583052078
2020-01-15,98.3427438500643
2020-01-16,98.64706423544504
2020-01-17,100.14094733689602
2020-01-20,100.6287986611293
2020-01-21,99.38351259369126
2020-01-22,100.39664368010256
2020-01-23,101.17512244757506
2020-01-24,101.31696672715431
2020-01-27,99.30519020449428
2020-01-28,100.30779414000091
2020-01-29,100.26927136425533
2020-01-30,99.96494782074589
2020-01-31,98.31555344994959
2020-02-03,99.17569949576742
2020-02-04,99.81383866947942
2020-02-05,100.40745717241708
2020-02-06,101.63287962177641
2020-02-07,100.25139777311023
2020-02-10,100.24254026414488
2020-02-11,102.56800649513414
2020-02-12,104.12726518298663
2020-02-13,103.90451778444859
2020-02-14,103.20253926970773
2020-02-17,103.86442060664993
2020-02-18,103.26008363395087
2020-02-19,106.18100055436578
2020-02-20,104.93639389892599
2020-02-21,105.1706079590349
2020-02-26,100.0731340709467
2020-02-27,97.74908335200459
2020-02-28,97.54163797304369
2020-03-02,100.88382678871619
2020-03-03,100.99683427720007
2020-03-04,102.51672557698174
2020-03-05,99.9579087411581
2020-03-06,96.038378410028
2020-03-09,87.65868030782184
2020-03-10,91.9649118914498
2020-03-11,87.6164140605222
2020-03-12,79.39527934817639
2020-03-13,85.31791168007743
2020-03-16,77.47997201149072
2020-03-17,79.50645527395176
2020-03-18,75.3386177239108
2020-03-19,76.73761412140398
2020-03-20,77.67952107167271
2020-03-23,77.87985120254207
2020-03-24,80.73383782588512
2020-03-25,83.5994033177266
2020-03-26,85.16805889081782
2020-03-27,82.09281921401919
2020-03-30,82.25262926729324
2020-03-31,82.22254149502666
2020-04-01,80.94067363354313
2020-04-02,82.43955717071834
2020-04-03,80.43795177863387
2020-04-06,82.2489466274948
2020-04-07,85.78808284881733
2020-04-08,88.18358903627926
2020-04-09,86.78336937311495
2020-04-13,87.77654180967833
2020-04-14,87.48596319866151
2020-04-15,86.07410407062106
2020-04-16,85.4777097150653
2020-04-17,86.36382345926621
2020-04-20,86.15625629807379
2020-04-22,87.55779582410446
2020-04-23,86.72065521631495
2020-04-24,85.32721663645228
2020-04-27,87.02374009662199
2020-04-28,89.10615033933291
2020-04-29,90.20986950244013
2020-04-30,88.3348882402122
2020-05-04,87.13532146979884
2020-05-05,87.32179877596595
2020-05-06,86.8842173586362
2020-05-07,87.14378965225164
2020-05-08,88.28733627973561
2020-05-11,88.39188838889785
2020-05-12,87.04275340490662
2020-05-13,87.32884057367723
2020-05-14,87.15170323605587
2020-05-15,85.9520299489765
2020-05-18,88.1047860994409
2020-05-19,88.15149419177544
2020-05-20,89.00613851178164
2020-05-21,88.94689278660195
2020-05-22,88.42751235145906
2020-05-25,89.89711061815748
2020-05-26,90.60548516421302
2020-05-27,91.75890862773385
2020-05-28,91.25866626416932
2020-05-29,92.82147430524711
2020-06-01,93.52181288014243
2020-06-02,94.95349465990468
2020-06-03,95.64362459608161
2020-06-04,97.30913949692285
2020-06-05,97.98939594389186
2020-06-08,99.4568520731709
2020-06-09,98.95641526616231
2020-06-10,97.52623082126955
2020-06-12,96.08889865062682
2020-06-15,95.8587897679647
2020-06-16,97.20395981345888
2020-06-17,98.40323454320071
2020-06-18,98.85950310256342
2020-06-19,99.35710621791723
2020-06-22,98.0237386958139
2020-06-23,98.68763340051683
2020-06-24,97.9339048631432
2020-06-25,100.23047794574182
2020-06-26,99.89583317640258
2020-06-29,100.67251835393262
2020-06-30,100.63049239724438
2020-07-01,101.66660773641418
2020-07-02,102.82704723487073
2020-07-03,102.9532068810888
2020-07-06,103.64220197749742
2020-07-07,103.47573417462144
2020-07-08,104.41660041890027
2020-07-09,104.00003490217722
2020-07-10,104.56128831515167
2020-07-13,104.53284516307859
2020-07-14,105.61970842995744
2020-07-15,106.1629749633604
2020-07-16,105.28004322374142
2020-07-17,107.62938075709538
2020-07-20,108.91202617719713
2020-07-21,108.91181105517244
2020-07-22,113.19231119877398
2020-07-23,111.88320868426362
2020-07-24,111.6645199967893
2020-07-27,115.15873747980933
2020-07-28,113.08503823711145
2020-07-29,114.16823030956893
2020-07-30,113.90878272306152
2020-07-31,112.53475795353326
2020-08-03,111.9725513752314
2020-08-04,111.50539570124317
2020-08-05,113.41560580314535
2020-08-06,114.52443799319228
2020-08-07,112.86660993459296
2020-08-10,114.155151646565
2020-08-11,112.40604795504586
2020-08-12,113.23694424032479
2020-08-13,112.70924406975104
2020-08-14,113.05888392005949
2020-08-17,112.28467347229173
2020-08-18,112.75405896617215
2020-08-19,111.41020597466293
2020-08-20,112.2164472467949
2020-08-21,112.17132305180803
2020-08-24,112.13592092832123
2020-08-25,112.70206999236404
2020-08-26,111.0339590987668
2020-08-27,110.79748353310451
2020-08-28,111.74353778159964
2020-08-31,109.13953731302544
2020-09-01,111.90810222489304
2020-09-02,111.62860325574337
2020-09-03,109.94932420427358
2020-09-04,110.57767967826152
2020-09-08,108.73683258318857
2020-09-09,110.19025760117599
2020-09-10,107.8049210632412
2020-09-11,108.24749043633122
2020-09-14,109.04139430131684
2020-09-15,109.50458035649783
2020-09-16,108.33238784323646
2020-09-17,108.79054439282345
2020-09-18,107.75373046676341
2020-09-21,107.64762848596348
2020-09-22,108.4056015809961
2020-09-23,107.02043505343136
2020-09-24,108.31462586837091
2020-09-25,108.18558377991022
2020-09-28,107.04403221878346
2020-09-29,107.65735643482768
2020-09-30,108.4913528913219
2020-10-01,109.29233597894508
2020-10-02,108.85150292637098
2020-10-05,111.53433908625917
2020-10-06,111.90737708854363
2020-10-07,113.20870043902664
2020-10-08,115.69069747020467
2020-10-09,116.40181229142217
2020-10-13,117.96249591452897
2020-10-14,118.84934654343999
2020-10-15,118.6044509317153
2020-10-16,118.83708360163314
2020-10-19,118.95683284680806
2020-10-20,120.57516962517971
2020-10-21,118.00285923062725
2020-10-22,121.11907360115379
2020-10-23,120.68503297383847
2020-10-26,121.01597460081032
2020-10-27,120.73622023780891
2020-10-28,116.5680161194052
2020-10-29,118.14418733407297
2020-10-30,114.81209368548059
2020-11-03,117.0173818871149
2020-11-04,119.89481811284156
2020-11-05,122.61548037398143
2020-11-06,121.79037507088677
2020-11-09,122.66240371279412
2020-11-10,122.03042694999473
2020-11-11,122.89599342564189
2020-11-12,121.83539422187606
2020-11-13,123.88554097656058
2020-11-16,124.40734373238587
2020-11-17,125.23843720334196
2020-11-18,124.28932571281015
2020-11-19,124.77413985145215
2020-11-23,125.0919934686403
2020-11-24,126.12449441002605
2020-11-25,126.38732418130184
2020-11-26,126.40380796317595
2020-11-27,126.53454285009437
2020-11-30,123.92541753447134
2020-12-01,125.87797342491888
2020-12-02,125.42741445063389
2020-12-03,125.9399400330655
2020-12-04,126.11744468366832
2020-12-07,126.08234426661582
2020-12-08,126.41217016887296
2020-12-09,125.7009361776989
2020-12-10,127.30058115610252
2020-12-11,127.03391300978772
2020-12-14,126.14414746662808
2020-12-15,127.91200915778424
2020-12-16,129.31322568805518
2020-12-17,131.0342139852134
2020-12-18,129.45033382095775
2020-12-21,127.779361951021
2020-12-22,128.50422427322127
2020-12-23,129.10977649118058
2020-12-28,131.1359965121365
2020-12-29,130.84241761162838
2020-12-30,131.07549023503867
2021-01-04,131.57268686587662
2021-01-05,135.14538087205176
2021-01-06,137.6537682428462
2021-01-07,142.39946378718474
2021-01-08,145.3553018144561
2021-01-11,143.28553209995619
2021-01-12,144.18279645402328
2021-01-13,142.45173381984324
2021-01-14,143.21219968292166
2021-01-15,138.69317934284862
2021-01-18,142.2931082319981
2021-01-19,140.89197641829094
2021-01-20,139.3746900151025
2021-01-21,138.48328298994204
2021-01-22,138.54400969416423
2021-01-26,137.7310305304211
2021-01-27,137.04658334973513
2021-01-28,138.05414996466936
2021-01-29,133.75371578507497
2021-02-01,135.8819629455148
2021-02-02,135.54176531303494
2021-02-03,138.38774367120465
2021-02-04,136.15915066738506
2021-02-05,136.45978798174824
2021-02-08,136.75465610261398
2021-02-09,136.3637164771036
2021-02-10,137.10305340975148
2021-02-11,137.3433216916506
2021-02-12,137.54067725966436
2021-02-17,137.30137364817784
2021-02-18,137.11037723517003
2021-02-19,136.0623685139139
2021-02-22,131.41729800860446
2021-02-23,134.46721653982218
2021-02-24,136.34778449664265
2021-02-25,130.84950600799112
2021-02-26,128.752911188667
2021-03-01,129.55037356918908
2021-03-02,130.41056696789406
2021-03-03,129.62797843052857
2021-03-04,127.82360265482308
2021-03-05,130.04397706458857
2021-03-08,126.46076949643188
2021-03-09,127.9597986483073
2021-03-10,128.41715165539262
2021-03-11,129.48861547658817
2021-03-12,128.23363602371973
2021-03-15,129.63477972274336
2021-03-16,129.25915856302683
2021-03-17,130.38372626774486
2021-03-18,128.71874741099472
2021-03-19,128.77192045863072
2021-03-22,127.77292226723277
2021-03-23,126.67751283221617
2021-03-24,126.51086574828753
2021-03-25,127.03572634640253
2021-03-26,129.30819637694637
2021-03-29,129.72426148703306
2021-03-30,131.45523947741577
2021-03-31,131.37137554611627
2021-04-01,130.978997875514
2021-04-05,134.00716508392307
2021-04-06,133.53159190147636
2021-04-07,133.73259775825795
2021-04-08,133.58770445283244
2021-04-09,132.50442677874352
2021-04-12,133.02455629898122
2021-04-13,132.82276655336534
2021-04-14,134.9208139829213
2021-04-15,136.2419298642958
2021-04-16,135.68500296995256
2021-04-19,135.20925892809106
2021-04-20,133.30110882832145
2021-04-22,132.6941100891878
2021-04-23,134.6728612003734
2021-04-26,134.48440194679713
2021-04-27,134.07744396998214
2021-04-28,135.0564648502511
2021-04-29,133.3744251678306
2021-04-30,131.92543273029162
2021-05-03,131.2517952386657
2021-05-04,130.0132365537681
2021-05-05,132.24655075432887
2021-05-06,132.05311191389993
2021-05-07,132.47400467852873
2021-05-10,131.40865795991627
2021-05-11,132.74369934250325
2021-05-12,129.83383476949714
2021-05-13,130.48267495421095
2021-05-14,131.16742337713268
2021-05-17,132.39030357153365
2021-05-18,132.8319780534509
2021-05-19,131.2652020488586
2021-05-20,131.28396915696652
2021-05-21,130.5921583876525
2021-05-24,132.07227911993934
2021-05-25,131.25376424802369
2021-05-26,132.31834227165012
2021-05-27,132.41522142035154
2021-05-28,135.13673502393388
2021-05-31,135.81044756156896
2021-06-01,136.09752905849456
2021-06-02,136.5015459282609
2021-06-04,137.46482871778574
2021-06-07,137.32074535442783
2021-06-08,136.67642982155945
2021-06-09,137.90477650434514
2021-06-10,137.46594941936613
2021-06-11,138.255777866907
2021-06-14,138.8042190375296
2021-06-15,138.9624603567955
2021-06-16,137.60433801395195
2021-06-17,135.77508697662256
2021-06-18,137.28919057448894
2021-06-21,138.13827499124596
2021-06-22,137.40492931551466
2021-06-23,137.46517511382743
2021-06-24,138.07755769301076
2021-06-25,136.84934311413076
2021-06-28,136.61125358904886
2021-06-29,137.9487271764359
2021-06-30,137.02712773653235
2021-07-01,136.7452330980638
2021-07-02,138.7825866835824
2021-07-05,137.94221036912336
2021-07-06,136.9575768044379
2021-07-07,139.17612544911555
2021-07-08,137.06974313753994
2021-07-12,138.87272987905484
2021-07-13,138.7379716242158
2021-07-14,138.37544345744192
2021-07-15,137.73629169466244
2021-07-16,135.9611694943428
2021-07-19,135.0738848525678
2021-07-20,136.2637255753512
2021-07-21,136.7717515433915
2021-07-22,137.41638128771743
2021-07-23,136.77841914970935
2021-07-26,138.0208450900763
2021-07-27,136.99330784857264
2021-07-28,142.05905442752382
2021-07-29,140.49045925698627
2021-07-30,137.3003160972969
2021-08-02,138.54093025189465
2021-08-03,139.79001640940675
2021-08-04,138.5296076810744
2021-08-05,138.4541898225367
2021-08-06,139.48269259154483
2021-08-09,139.21477268787982
2021-08-10,139.26541099889556
2021-08-11,139.49204679301624
2021-08-12,138.64041058576976
2021-08-13,139.00684361023363
2021-08-16,136.99560089509805
2021-08-17,136.79993399010544
2021-08-18,134.36669151996676
2021-08-19,134.16107887405093
2021-08-20,135.16968223460532
2021-08-23,134.8983151021776
2021-08-24,136.55690970113375
2021-08-25,137.55564897994446
2021-08-26,137.18635274283082
2021-08-27,138.86839764022739
2021-08-30,138.28970237641653
2021-08-31,136.1517499944534
2021-09-01,137.30527220287445
2021-09-02,135.59661403973521
2021-09-03,135.7408543646353
2021-09-06,135.89249546571557
2021-09-08,133.62410342786183
2021-09-09,136.78189356759088
2021-09-10,136.40998234511375
2021-09-13,137.3844916175862
2021-09-14,137.40832541236307
2021-09-15,137.2236900031521
2021-09-16,136.02151865412682
2021-09-17,133.56259966086694
2021-09-20,131.7148447267504
2021-09-21,133.42154703394215
2021-09-22,136.03518201062786
2021-09-23,137.84293844138116
2021-09-24,137.42973096556761
2021-09-27,137.86994603126155
2021-09-28,135.77821039057815
2021-09-29,135.68151313925836
2021-09-30,135.52728668153276
2021-10-01,137.12615226931092
2021-10-04,132.03515835398687
2021-10-05,130.8437009981599
2021-10-06,131.2166406324003
2021-10-07,131.80876501592564
2021-10-08,133.59956099452918
2021-10-11,133.98912548257857
2021-10-13,135.5968627372144
2021-10-14,135.54250600866396
2021-10-15,135.72898696323193
2021-10-18,135.84743849403475
2021-10-19,133.22402989667938
2021-10-20,133.97688244942765
2021-10-21,131.82406469915298
2021-10-22,130.92757285215956
2021-10-25,133.32034503105962
2021-10-26,132.89632820215937
2021-10-27,131.79510631629893
2021-10-28,130.01897769463872
2021-10-29,127.11672801788895
2021-11-01,128.27320352568196
2021-11-03,126.79986514437105
2021-11-04,125.42644215730513
2021-11-05,124.47500651717576
2021-11-08,125.10615935662739
2021-11-09,124.32887271772344
2021-11-10,123.8869581319112
2021-11-11,124.9529373649103
2021-11-12,124.34678287713362
2021-11-16,123.3758695210661
2021-11-17,122.99713353783915
2021-11-18,122.02484387616002
2021-11-19,122.1972801469489
2021-11-22,122.23832623722728
2021-11-23,123.14411937290218
2021-11-24,123.63469044519601
2021-11-25,124.58267980051889
2021-11-26,121.75052086051372
2021-11-29,122.20891245652314
2021-11-30,122.02100795678328
2021-12-01,122.46844839798763
2021-12-02,125.48901807070058
2021-12-03,125.2867281421201
2021-12-06,127.07987012612811
2021-12-07,129.16675430418894
2021-12-08,130.56179961038472
2021-12-09,130.5656390151263
2021-12-10,130.14946013574874
2021-12-13,130.27540529294964
2021-12-14,129.7743526246428
2021-12-15,130.08146911891828
2021-12-16,131.47413780959502
2021-12-17,129.46736185005417
2021-12-20,127.58983832839195
2021-12-21,128.17121133140827
2021-12-22,127.84693420835569
2021-12-23,127.5216472978357
2021-12-27,127.5016458143416
2021-12-28,126.98014614181339
2021-12-29,126.23814299676386
2021-12-30,126.55979126337692
2022-01-03,126.0747837912814
2022-01-04,125.94271524345443
2022-01-05,123.3101902546878
2022-01-06,124.06270484299449
2022-01-07,125.04269978401574
2022-01-10,123.70302964679118
2022-01-11,125.49696896134259
2022-01-12,127.7208433842451
2022-01-13,126.5302268225056
2022-01-14,129.2449881059249
2022-01-17,128.69225228018814
2022-01-18,129.79136675906489
2022-01-19,130.2022083238604
2022-01-20,130.001735128569
2022-01-21,129.29020330422188
2022-01-24,128.22934466803736
2022-01-25,129.71127858496732
2022-01-26,131.09124766379227
2022-01-27,133.200839892259
2022-01-28,131.39657235672138
2022-01-31,131.20154449743922
2022-02-01,133.15565969260604
2022-02-02,132.51138449332302
2022-02-03,131.41160318652462
2022-02-04,132.4937496117947
2022-02-07,133.03905389226222
2022-02-08,132.48357819820234
2022-02-09,132.06184360536287
2022-02-10,132.75239194608415
2022-02-11,133.4013761850855
2022-02-14,133.75513646912464
2022-02-15,135.53295040830608
2022-02-16,134.14102921447972
2022-02-17,131.74701055737094
2022-02-18,131.0425670964145
2022-02-21,131.19080933464085
2022-02-22,131.74965684284655
2022-02-23,130.48235751521062
2022-02-24,130.89677001674542
2022-02-25,133.1876275495886
2022-03-02,136.83870039977262
2022-03-03,137.7756290038299
2022-03-04,138.57279445599465
2022-03-07,137.35845748082488
2022-03-08,136.746067484353
2022-03-09,137.80052945145277
2022-03-10,138.4043533659006
2022-03-11,137.1263504397413
2022-03-14,134.63242282909258
2022-03-15,132.37658134753303
2022-03-16,135.41545080681962
2022-03-17,137.67045356537196
2022-03-18,139.02301910620355
2022-03-21,140.10979158019165
2022-03-22,140.04217812352996
2022-03-23,139.87730913693463
2022-03-24,140.71188920738572
2022-03-25,139.78588023505108
2022-03-28,140.2943567427343
2022-03-29,141.17763590276022
2022-03-30,142.32122842238547
2022-03-31,143.14318814845768
2022-04-01,144.00457976209964
2022-04-04,143.66324620611994
2022-04-05,141.64011750277098
2022-04-06,141.73893563905952
2022-04-07,142.72209844497155
2022-04-08,142.20653033766487
2022-04-11,139.73192420071504
2022-04-12,139.00043587751273
2022-04-13,139.71343007259625
2022-04-14,138.8428817759031
2022-04-18,137.56509065326716
2022-04-19,136.3515148521319
2022-04-20,135.73525111103612
2022-04-22,132.77866758678846
2022-04-25,131.9460554539827
2022-04-26,129.66450816005806
2022-04-27,132.86170153971824
2022-04-28,133.01717855726446
2022-04-29,130.98769938527172
2022-05-02,129.48085570184492
2022-05-03,128.98748484746812
2022-05-04,130.5480557904238
2022-05-05,128.81947076888127
2022-05-06,128.3012855732103
2022-05-09,125.91735420552834
2022-05-10,125.11321905613241
2022-05-11,127.28405386510798
2022-05-12,127.82971782488556
2022-05-13,128.35569438288113
2022-05-16,129.13081039809435
2022-05-17,129.7606135698901
2022-05-18,127.96408225900461
2022-05-19,128.0186761406621
2022-05-20,129.63473234604714
2022-05-23,132.17343028848185
2022-05-24,131.61088285664292
2022-05-25,130.86133541031927
2022-05-26,131.5189470904752
2022-05-27,131.65239844849714
2022-05-30,130.67422898037793
2022-05-31,130.52249042871472
2022-06-01,132.00626117956986
2022-06-02,132.55489379031332
2022-06-03,131.88706018479922
2022-06-06,132.01924634633565
2022-06-07,133.03158784445836
2022-06-08,129.7762808083935
2022-06-09,128.26286019733053
2022-06-10,127.03594600375384
2022-06-13,125.39364659946679
2022-06-14,126.04993287949762
2022-06-15,125.34201836866133
2022-06-17,121.03852724287485
2022-06-20,122.66299678658592
2022-06-21,123.79183322206447
2022-06-22,123.938789991561
2022-06-23,122.44739342607203
2022-06-24,123.63532295683936
2022-06-27,125.67451895689108
2022-06-28,126.60944809742804
2022-06-29,125.94327018855888
2022-06-30,125.30902677294509
2022-07-01,125.34951388750392
2022-07-04,125.569866406155
2022-07-05,125.33622705631119
2022-07-06,125.34122279265901
2022-07-07,127.5484935805834
2022-07-08,126.80376837445644
2022-07-11,124.84065140878604
2022-07-12,124.62448373299635
2022-07-13,124.69802815496094
2022-07-14,121.87996344312445
2022-07-15,122.81912380987757
2022-07-18,123.0363108088445
2022-07-19,124.87498447461364
2022-07-20,122.99904934677278
2022-07-21,122.67678976567409
2022-07-22,123.62075524013812
2022-07-25,126.17931971373929
2022-07-26,125.98158254323734
2022-07-27,127.07731788379058
2022-07-28,129.1683835986596
2022-07-29,130.3673900707685
2022-08-01,129.19623394501514
2022-08-02,130.82060406288406
2022-08-03,129.68823865368677
2022-08-04,130.9184400723336
2022-08-05,131.9839574435154
2022-08-08,134.70676482256346
2022-08-09,135.88989160498627
2022-08-10,137.3776724289703
2022-08-11,137.05012285134998
2022-08-12,140.40528543593223
2022-08-15,139.35401622349283
2022-08-16,140.66265924114043
2022-08-17,140.62665746752495
2022-08-18,141.49768027293294
2022-08-19,138.36421135328044
2022-08-22,137.4042102997559
2022-08-23,139.73594328841202
2022-08-24,139.18863400623252
2022-08-25,139.69418294788187
2022-08-26,139.4460823483747
2022-08-29,139.1401168781826
2022-08-30,136.57830203762907
2022-08-31,136.73195592201597
2022-09-01,137.2952855961766
2022-09-02,138.93497181876566
2022-09-05,140.70468909087793
2022-09-06,138.27605399258903
2022-09-08,138.17883857639106
2022-09-09,140.42753577217877
2022-09-12,142.10001285176995
2022-09-13,139.1443345220764
2022-09-14,139.03257142691677
2022-09-15,138.7923317955262
2022-09-16,139.0390550274456
2022-09-19,140.89165820096923
2022-09-20,141.44639677143533
2022-09-21,141.1571376663937
2022-09-22,142.50059623965268
2022-09-23,139.43389517661532
2022-09-26,138.5650803450614
2022-09-27,137.8953077098176
2022-09-28,138.02544221184337
2022-09-29,138.13244586023802
2022-09-30,142.33257291976736
2022-10-03,147.7615554417646
2022-10-04,147.40745841660305
2022-10-05,149.42551172554167
2022-10-06,149.66897196177044
2022-10-07,149.26172455353955
2022-10-10,149.26021881192392
2022-10-11,148.3921261755292
2022-10-13,148.1501090927635
2022-10-14,146.12754162696964
2022-10-17,147.50267376857454
2022-10-18,150.0909008746167
2022-10-19,151.03728689221643
2022-10-20,152.62109005943267
2022-10-21,155.67691700820353
2022-10-24,150.85647541666128
2022-10-25,150.30427974286727
2022-10-26,153.31519599688127
2022-10-27,153.77384411761685
2022-10-28,151.79991719803922
2022-10-31,151.76750722068152
2022-11-01,151.47075826921798
2022-11-03,151.8138733668454
2022-11-04,152.98528709062128
2022-11-07,151.6178664793867
2022-11-08,152.48351635739334
2022-11-09,150.6619083040909
2022-11-10,148.69275416309176
2022-11-11,152.93133422262628
2022-11-14,154.74980885424088
2022-11-16,151.4528159000018
2022-11-17,152.7323844569661
2022-11-18,151.30955363957628
2022-11-21,151.22846383140939
2022-11-22,148.87285638026322
2022-11-23,149.19258948765605
2022-11-24,151.50909877597257
2022-11-25,149.84449754298987
2022-11-28,148.4324301032643
2022-11-29,150.908499050018
2022-11-30,154.36433476167363
2022-12-01,152.70582037725563
2022-12-02,153.72761043350803
2022-12-05,151.90641046237164
2022-12-06,152.67554247453444
2022-12-07,150.7488323152945
2022-12-08,150.03341718438833
2022-12-09,150.81615474219382
2022-12-12,147.6634733132401
2022-12-13,146.47834377655036
2022-12-14,146.62657686746917
2022-12-15,147.43281306900803
2022-12-16,147.3922847790828
2022-12-19,148.69023853567523
2022-12-20,150.2073995764679
2022-12-21,150.98627160379553
2022-12-22,151.9053204292458
2022-12-23,152.90737333097348
2022-12-26,152.48455510521035
2022-12-27,153.0861445027263
2022-12-28,153.92892738491815
2022-12-29,153.36585299164446
2023-01-02,151.2957335240285
2023-01-03,149.29051927449325
2023-01-04,150.36038009195522
2023-01-05,152.26204040878488
2023-01-06,153.52333448416252
2023-01-09,153.6163945681041
2023-01-10,154.0782991003586
2023-01-11,155.78578358390922
2023-01-12,156.18896904281084
2023-01-13,156.5394008097927
2023-01-16,153.64980619573612
2023-01-17,156.09386295912014
2023-01-18,155.8347251443672
2023-01-19,156.6129711683236
2023-01-20,156.2933671104054
2023-01-23,156.51477240018326
2023-01-24,156.50472774730173
2023-01-25,159.06108217852443
2023-01-26,158.41904564663696
2023-01-27,156.0991123948521
2023-01-30,155.47107505954864
2023-01-31,156.84670382726281
2023-02-01,156.1853485366036
2023-02-02,153.07872831296797
2023-02-03,153.098705107667
2023-02-06,153.38438760147108
2023-02-07,153.36488322553447
2023-02-08,154.86977534741362
2023-02-09,154.6635294318877
2023-02-10,155.48561976901465
2023-02-13,156.0422269532574
2023-02-14,155.66111470142937
2023-02-15,157.2034158682756
2023-02-16,157.39265838097165
2023-02-17,157.62490001702804
2023-02-22,155.22715342634044
2023-02-23,156.9127039036625
2023-02-24,154.72010722908533
2023-02-27,154.73352865460114
2023-02-28,154.45536615317914
2023-03-01,156.06169457595053
2023-03-02,154.74591126284668
2023-03-03,155.5174827417034
2023-03-06,155.42952523494816
2023-03-07,154.65976708163515
2023-03-08,156.1473794868961
2023-03-09,155.08968109573598
2023-03-10,153.96459004799306
2023-03-13,153.45961242903866
2023-03-14,153.86635176604358
2023-03-15,152.31784925484226
2023-03-16,152.68087194260582
2023-03-17,152.4872474984144
2023-03-20,152.0528408410799
2023-03-21,152.7565338450607
2023-03-22,151.7536488154794
2023-03-23,150.5550876998701
2023-03-24,151.16938704809684
2023-03-27,152.49872148704617
2023-03-28,153.53990748474826
2023-03-29,154.79456048524213
2023-03-30,155.95038523488836
2023-03-31,153.41273445215788
2023-04-03,152.8525915850169
2023-04-04,152.1594490312529
2023-04-05,150.7401211086207
2023-04-06,150.1674406806556
2023-04-10,151.09819566250604
2023-04-11,155.10325914671736
2023-04-12,155.56561673405704
2023-04-13,154.81358034347713
2023-04-14,154.32384094217406
2023-04-17,155.19300086849395
2023-04-18,155.8716237341005
2023-04-19,153.72280874137476
2023-04-20,154.69348842214887
2023-04-24,154.17115614496691
2023-04-25,153.7018898898705
2023-04-26,152.8650558353608
2023-04-27,153.37766416697247
2023-04-28,155.31257706855675
2023-05-02,152.2944243118768
2023-05-03,150.8098590677008
2023-05-04,149.7535222776893
2023-05-05,152.021964747542
2023-05-08,153.22874834047857
2023-05-09,154.54698459715033
2023-05-10,153.6621684279785
2023-05-11,154.23832511298252
2023-05-12,154.62310078663566
2023-05-15,155.28249707996133
2023-05-16,155.43651453574176
2023-05-17,155.4324182875729
2023-05-18,155.44113843902994
2023-05-19,155.91080943286593
2023-05-22,155.4489500048901
2023-05-23,155.44450249250107
2023-05-24,154.75844028187885
2023-05-25,154.00754186641893
2023-05-26,155.44678609829413
2023-05-29,154.274821928858
2023-05-30,152.6624961287991
2023-05-31,151.1528798093612
2023-06-01,152.26580514406916
2023-06-02,154.3602861371375
2023-06-05,154.5981682673996
2023-06-06,156.05606602487822
2023-06-07,157.3182066965731
2023-06-09,158.66868817237923
2023-06-12,158.65546672472706
2023-06-13,158.45402330162364
2023-06-14,161.28746778782462
2023-06-15,160.93291542690724
2023-06-16,161.2308017350798
2023-06-19,162.22716748929471
2023-06-20,160.83444851671777
2023-06-21,161.61897996716263
2023-06-22,160.95887555862294
2023-06-23,159.44929327539046
2023-06-26,160.08901855146974
2023-06-27,160.12715811826178
2023-06-28,159.6477761025262
2023-06-29,160.57411019414246
2023-06-30,159.48129718072926
2023-07-03,161.08436435995498
2023-07-04,160.44405542840013
2023-07-05,160.68110322584494
2023-07-06,159.25891970465602
2023-07-07,159.69737619617035
2023-07-10,158.37220746686413
2023-07-11,158.10591480737475
2023-07-12,158.3351333082511
2023-07-13,159.60716140567132
2023-07-14,158.70530256155587
2023-07-17,157.7805181827126
2023-07-18,158.1120327175986
2023-07-19,160.57244519981845
2023-07-20,161.24701237730932
2023-07-21,163.09787724662093
2023-07-24,167.8009465820233
2023-07-25,168.2150663399165
2023-07-26,168.1305994520115
2023-07-27,165.39647338726786
2023-07-28,164.83704467120407
2023-07-31,166.52695373934358
2023-08-01,165.51305151024025
2023-08-02,165.27001954492414
2023-08-03,166.21768182623882
2023-08-04,165.5565866025318
2023-08-07,165.98356944542482
2023-08-08,165.38295446679842
2023-08-09,165.440164624982
2023-08-10,164.70513033299528
2023-08-11,163.81653424276834
2023-08-14,162.52489168368302
2023-08-15,162.57907474671538
2023-08-16,161.13592361294906
2023-08-17,160.482818881602
2023-08-18,159.65067812714207
2023-08-21,158.97563650600273
2023-08-22,160.84661593270846
2023-08-23,163.1140250714618
2023-08-24,161.95428601801734
2023-08-25,161.960852253037
2023-08-28,163.45851482501996
2023-08-29,164.35713127225142
2023-08-30,164.15118521766257
2023-08-31,162.69109918585323
2023-09-01,165.17962526466533
2023-09-04,165.19761730818894
2023-09-05,165.82322875794628
2023-09-06,165.05168424193542
2023-09-08,164.2844434910101
2023-09-11,164.74455909020105
2023-09-12,165.49298278014004
2023-09-13,166.4817676677778
2023-09-14,167.5799403411711
2023-09-15,167.4639805061324
2023-09-18,167.0958588944054
2023-09-19,167.53914162748248
2023-09-20,167.76064163077882
2023-09-21,165.0624706937855
2023-09-22,164.9821097791322
2023-09-25,166.69525167924564
2023-09-26,165.09630198171394
2023-09-27,166.35520615696916
2023-09-28,167.37766099287342
2023-09-29,167.853760012121
2023-10-02,166.7200333855241
2023-10-03,165.08931022845795
2023-10-04,163.48385920511168
2023-10-05,163.67939877329206
2023-10-06,164.96158453669926
2023-10-09,166.45637515649005
2023-10-10,167.54664320049122
2023-10-11,167.66727553878522
2023-10-13,167.96617360226685
2023-10-16,168.81520426178668
2023-10-17,169.61210804797042
2023-10-18,169.46441205418603
2023-10-19,168.60622027757722
2023-10-20,167.18072126310958
2023-10-23,164.195270552359
2023-10-24,166.70539523497618
2023-10-25,162.66291415009457
2023-10-26,164.59590688098828
2023-10-27,163.76157543942372
2023-10-30,164.27784381240505
2023-10-31,164.7946738905057
2023-11-01,166.188116988175
2023-11-03,167.9785058039423
2023-11-06,167.87817181446883
2023-11-07,166.5804766458236
2023-11-08,165.44838086252616
2023-11-09,166.47649041188305
2023-11-10,167.7858788533293
2023-11-13,168.38636410388358
2023-11-14,170.84907103128165
2023-11-16,170.59695111907877
2023-11-17,171.9010623725452
2023-11-20,172.9945659339097
2023-11-21,173.46126364912482
2023-11-22,174.1049893352224
2023-11-23,174.04494145255313
2023-11-24,173.5063572032273
2023-11-27,173.59280436574522
2023-11-28,174.66962065315215
2023-11-29,174.11449455323736
2023-11-30,175.4105633720588
2023-12-01,176.5597244796361
2023-12-04,174.99963296941047
2023-12-05,175.33623625961553
2023-12-06,173.39640845028634
2023-12-07,173.6279454517861
2023-12-08,174.41181345740927
2023-12-11,174.45934553311685
2023-12-12,174.3869891156266
2023-12-13,176.77464420340885
2023-12-14,178.39648606342672
2023-12-15,178.26597030980975
2023-12-18,179.22618302211802
2023-12-19,180.40465222098527
2023-12-20,180.03657003547113
2023-12-21,181.42884753456804
2023-12-22,181.95553904961366
2023-12-26,183.3124098582719
2023-12-27,183.9271600147314
2023-12-28,183.82820326156596
2024-01-02,183.8245739335235
2024-01-03,185.44360644345136
2024-01-04,183.67996906560177
2024-01-05,183.36603955462766
2024-01-08,182.86649944059252
2024-01-09,180.92588200305593
2024-01-10,180.31810961062732
2024-01-11,180.25986687342308
2024-01-12,179.88954394094532
2024-01-15,180.0539992574852
2024-01-16,177.96144506412622
2024-01-17,176.8688135919889
2024-01-18,176.12959187747785
2024-01-19,176.08321889983097
2024-01-22,175.8587220644941
2024-01-23,177.55946379489106
2024-01-24,177.13111904966175
2024-01-25,177.87255924076052
2024-01-26,179.41001612868075
2024-01-29,180.09988399991033
2024-01-30,179.1683011403381
2024-01-31,178.67168036554455
2024-02-01,180.04511072694086
2024-02-02,178.7234515421069
2024-02-05,179.7889293067771
2024-02-06,181.6607362890208
2024-02-07,182.74368585051195
2024-02-08,182.09645001761334
2024-02-09,181.0425769070313
2024-02-14,180.71066828823214
2024-02-15,182.12259598375036
2024-02-16,183.98873501285215
2024-02-19,184.33288759245508
2024-02-20,184.78452168954152
2024-02-21,187.85895142297204
2024-02-22,186.3783847043257
2024-02-23,186.70152506147465
2024-02-26,188.0967626959309
2024-02-27,189.49770290872505
2024-02-28,186.5290291235476
2024-02-29,185.37619356634863
2024-03-01,186.2751115800516
2024-03-04,185.77309269341146
2024-03-05,185.60617368326436
2024-03-06,186.99697032529411
2024-03-07,185.88380988286508
2024-03-08,181.27300108298542
2024-03-11,179.40003768088374
2024-03-12,181.2974388661785
2024-03-13,181.60166251816406
2024-03-14,180.86777318310274
2024-03-15,180.81999505199713
2024-03-18,181.40316325806063
2024-03-19,182.211755101458
2024-03-20,183.37903606111027
2024-03-21,182.6645823442982
2024-03-22,182.93198158069924
2024-03-25,182.78799990507724
2024-03-26,182.1603593679044
2024-03-27,182.6620664925387
2024-03-28,183.44744069372592
2024-04-01,183.00696440855535
2024-04-02,184.71483553834292
2024-04-03,183.66906820610973
2024-04-04,182.86549661525316
2024-04-05,182.6447097164605
2024-04-08,185.16362708119559
2024-04-09,186.0395970244981
2024-04-10,185.78928696438496
2024-04-11,185.28316254543333
2024-04-12,184.32417113511505
2024-04-15,184.2100997810622
2024-04-16,185.36190978455983
2024-04-17,185.37270777252667
2024-04-18,186.06394058512922
2024-04-19,187.21204006257756
2024-04-22,188.07950971939613
2024-04-23,187.7132209426486
2024-04-24,188.07273477505203
2024-04-25,189.1764507036924
2024-04-26,190.96533640027053
2024-04-29,192.29767207536656
2024-04-30,191.74992703349756
2024-05-02,191.71396444553557
2024-05-03,191.1849992148873
2024-05-06,191.52812255494146
2024-05-07,193.12887900280126
2024-05-08,194.0964207047579
2024-05-09,193.93281479921956
2024-05-10,194.06888401786205
2024-05-13,194.5943863602737
2024-05-14,194.5720667389292
2024-05-15,191.099938340611
2024-05-16,189.72954740449836
2024-05-17,189.58562888292033
2024-05-20,189.80774650441805
2024-05-21,189.41824496643432
2024-05-22,188.97218303304024
2024-05-23,187.81864003430726
2024-05-24,186.56043345741566
2024-05-27,187.20149029814928
2024-05-28,187.48313403813285
2024-05-29,186.44685756031717
2024-05-31,187.419464172753
2024-06-03,186.54171411054008
2024-06-04,186.42152358154766
2024-06-05,185.7166122543473
2024-06-06,186.99468001480454
2024-06-07,184.51008631717804
2024-06-10,185.37364990438635
2024-06-11,185.7714997217691
2024-06-12,184.60309235782532
2024-06-13,184.69057335414175
2024-06-14,183.96108081843167
2024-06-17,184.52067304560538
2024-06-18,186.22529832591277
2024-06-19,187.60472091143572
2024-06-20,189.79438667080848
2024-06-21,190.63423164586118
2024-06-24,191.0530872555263
2024-06-25,191.71505742400512
2024-06-26,192.41728011078956
2024-06-27,193.15403855199486
2024-06-28,194.508680487962
2024-07-01,195.36194089406428
2024-07-02,195.32319993642852
2024-07-03,195.26735632269487
2024-07-04,194.3085675006701
2024-07-05,194.68252959597515
2024-07-08,198.5782746335274
2024-07-09,198.79326349763144
2024-07-10,197.38334201269006
2024-07-11,198.9724487026262
2024-07-12,200.12867875596467
2024-07-15,201.45856605645173
2024-07-16,201.39139590037956
2024-07-17,202.20836139411534
2024-07-18,202.15246730092178
2024-07-19,202.43879522857017
2024-07-22,201.2057978823343
2024-07-23,199.98020703260627
2024-07-24,200.12827857716508
2024-07-25,199.0834070129468
2024-07-26,200.7546297543729
2024-07-29,199.40357588037577
2024-07-30,197.7190665881709
2024-07-31,204.92030180142007
2024-08-01,205.82671549222596
2024-08-02,200.13452869198773
2024-08-05,198.9328956310739
2024-08-06,200.57196866866894
2024-08-07,199.79975048298644
2024-08-08,202.15869776189234
2024-08-09,202.24202764406934
2024-08-12,204.4852537354417
2024-08-13,205.34011058379667
2024-08-14,207.0946705340928
2024-08-15,209.81124379416434
2024-08-16,210.5263499756478
2024-08-19,209.32928566428313
2024-08-20,211.0905231502822
2024-08-21,211.53422852762287
2024-08-22,212.4082917252707
2024-08-23,211.0658190665991
2024-08-26,215.47175255248376
2024-08-27,215.34949361977922
2024-08-28,216.55099359845295
2024-08-29,215.5339057402684
2024-08-30,216.18147756237346
2024-09-02,213.0255845199956
2024-09-03,212.37721283031172
2024-09-04,213.51313451293242
2024-09-05,214.2629792131654
2024-09-06,211.33669655562667
2024-09-09,211.46645106155063
2024-09-10,210.87739396445372
2024-09-11,212.21751245378573
2024-09-12,211.55774511084516
2024-09-13,211.8889467150943
2024-09-16,211.92935728437914
2024-09-17,211.7301262164202
2024-09-18,210.44555692291948
2024-09-19,210.34048715599502
2024-09-20,208.88186892435354
2024-09-23,211.64969965539603
2024-09-24,214.33364906453644
2024-09-25,215.44845750385852
2024-09-26,216.71756537871562
2024-09-27,216.41803792017103
2024-09-30,213.80864442498518
2024-10-01,216.72042283473382
2024-10-02,217.12565354619653
2024-10-03,215.80044321843735
2024-10-04,215.40192767556653
2024-10-07,215.11844842431498
2024-10-08,214.49517135288505
2024-10-09,213.1330227339566
2024-10-10,214.12853507667631
2024-10-11,214.39619074335099
2024-10-14,215.6313768516053
2024-10-15,216.83451380990277
2024-10-16,217.78578202492176
2024-10-17,215.57791479869113
2024-10-18,214.2091062299216
2024-10-21,212.94100371890485
2024-10-22,213.98979751259844
2024-10-23,213.3789516904855
2024-10-24,214.1164573723804
2024-10-25,214.1702599824076
2024-10-28,215.79488372193921
2024-10-29,216.20187894180188
2024-10-30,212.23036123237728
2024-10-31,212.13817783980357
2024-11-01,212.05484778913683
2024-11-04,214.57845766127386
2024-11-05,214.7727215336263
2024-11-06,214.66033943379085
2024-11-07,214.86404159704983
2024-11-08,213.40239742979927
2024-11-11,213.18353424926957
2024-11-12,213.38122954547933
2024-11-13,212.19360527360988
2024-11-14,212.0329289439992
2024-11-18,212.9826216148145
2024-11-19,212.9031821543358
2024-11-21,212.20103790947022
2024-11-22,215.0207848790629
2024-11-25,212.4876689374576
2024-11-26,213.21190620777838
2024-11-27,211.9214241977537
2024-11-28,211.4771769747453
2024-11-29,213.78030703992118
2024-12-02,213.82569495776747
2024-12-03,215.18297055565492
2024-12-04,215.06736386567468
2024-12-05,216.18514152795086
2024-12-06,215.54248337037768
2024-12-09,218.34712272749528
2024-12-10,220.20758994733933
2024-12-11,222.8033019244702
2024-12-12,219.6240162787061
2024-12-13,218.46727573710035
2024-12-16,217.00999532991275
2024-12-17,218.92465962175876
2024-12-18,215.29051705119738
2024-12-19,214.11508538424954
2024-12-20,213.06976101998396
2024-12-23,211.33530068415934
2024-12-26,212.4783767014087
2024-12-27,210.81805216892562
2024-12-30,210.41595741021825
2025-01-02,211.13261631183443
2025-01-03,209.42026503154068
2025-01-06,209.91092194830438
2025-01-07,212.23526393510627
2025-01-08,210.93582947099122
2025-01-09,212.33626894301602
2025-01-10,211.2917019465076
2025-01-13,211.52083263240658
2025-01-14,210.9752074804698
2025-01-15,214.36705163768386
2025-01-16,213.2786908197059
2025-01-17,215.05824674899094
2025-01-20,216.5064940859207
2025-01-21,217.0410766484046
2025-01-22,217.00993428692522
2025-01-23,217.43900932837948
2025-01-24,218.3012377768918
2025-01-27,214.5756778918662
2025-01-28,214.89455191207296
2025-01-29,215.08426103760698
2025-01-30,219.43715682066573
2025-01-31,218.13007431580672
2025-02-03,216.35266087944711
2025-02-04,215.9853413762117
2025-02-05,216.49473566664574
2025-02-06,216.9400865118329
2025-02-07,215.66273396107593
2025-02-10,216.95921163134602
2025-02-11,215.86416127609118
2025-02-12,213.83146431201496
2025-02-13,213.825822323343
2025-02-14,218.10501585582153
2025-02-17,216.87821502590324
2025-02-18,218.52252682407834
2025-02-19,217.5889353436454
2025-02-20,218.33560921777456
2025-02-21,219.43593558725763
2025-02-24,216.81171763503977
2025-02-25,217.54976751791415
2025-02-26,211.7053541076124
2025-02-27,211.0370958458206
2025-02-28,208.4915433837422
2025-03-05,206.51956429715545
2025-03-06,205.7476688713477
2025-03-07,207.6721808442811
2025-03-10,207.03320671073763
2025-03-11,204.98234184126844
2025-03-12,205.5145554417787
2025-03-13,206.0671702721378
2025-03-14,209.41365881851556
2025-03-17,212.47944448370674
2025-03-18,212.89613177794516
2025-03-19,213.6139762303
2025-03-20,213.21695204671994
2025-03-21,214.09442922316168
2025-03-24,213.43056492389903
2025-03-25,213.63557734646406
2025-03-26,213.81546210438825
2025-03-27,214.04499930927528
2025-03-28,212.55641386205824
2025-03-31,210.75034254567714
2025-04-01,211.28713482287554
2025-04-02,210.66394338925193
2025-04-03,207.45607042333006
2025-04-04,203.0037622505938
2025-04-07,200.89840896540605
2025-04-08,197.83665797318824
2025-04-09,203.23608320630967
2025-04-10,199.72305698575934
2025-04-11,201.6708696696402
2025-04-14,203.04491249228118
2025-04-15,201.90741692199657
2025-04-16,201.30192419010984
2025-04-17,202.5536424866155
2025-04-22,203.92892474147942
2025-04-23,204.25529845150476
2025-04-24,207.91213082214153
2025-04-25,208.89599443437154
2025-04-28,209.65448951769446
2025-04-29,210.2177553617214
2025-04-30,202.00163947797463
2025-05-02,203.32649782011316
2025-05-05,198.75394957072143
2025-05-06,200.0242762158948
2025-05-07,199.2174502345602
2025-05-08,200.43513365975735
2025-05-09,201.73933302590837
2025-05-12,204.20301728602243
2025-05-13,207.37376264616015
2025-05-14,207.21292164306612
2025-05-15,207.9685448515409
2025-05-16,209.48072373318934
2025-05-19,209.1480142766002
2025-05-20,209.33871598848492
2025-05-21,206.6199830491188
2025-05-22,205.90378470652894
2025-05-23,206.1978438855184
2025-05-26,206.1884601495672
2025-05-27,207.75760772336133
2025-05-28,207.181702416444
2025-05-29,206.06789750772685
2025-05-30,202.94922157151683
2025-06-02,202.67401044857797
2025-06-03,202.265593568698
2025-06-04,202.77216705858453
2025-06-05,201.67943561451543
2025-06-06,202.44161213644583
2025-06-09,201.81819167297562
2025-06-10,202.81546859790447
2025-06-11,204.48100872557043
2025-06-12,205.5802038934342
2025-06-13,206.62883728490482
2025-06-16,207.48514152479558
2025-06-17,206.35468271341801
2025-06-18,206.5066218546404
2025-06-20,205.51465913706392
2025-06-23,204.36628137411924
2025-06-24,203.72045164548368
2025-06-25,203.56273635907712
2025-06-26,206.11297970846795
2025-06-27,205.17227434167603
2025-06-30,206.58809040021083
2025-07-01,206.80719286093088
2025-07-02,208.3490292678338
2025-07-03,209.53139031096208
2025-07-04,209.98947913144102
2025-07-07,208.3670766515204
2025-07-08,207.01093209698078
2025-07-09,205.1662316696907
2025-07-10,204.6477287696943
2025-07-11,205.35366176947298
2025-07-14,203.86972098890743
2025-07-15,203.07838880667788
2025-07-16,204.9594995812456
2025-07-17,206.00424655139895
2025-07-18,205.18431009998113
2025-07-21,205.81598998603863
2025-07-22,205.77509774354172
2025-07-23,203.20235903279615
2025-07-24,200.08037785150924
2025-07-25,199.89736442502812
2025-07-28,200.02604773740006
2025-07-29,200.55872009433082
2025-07-30,201.25801742814468
2025-07-31,201.29850404772185
2025-08-01,200.73589349966392
2025-08-04,201.081396994037
2025-08-05,201.56190581448138
2025-08-06,203.30848856261582
2025-08-07,205.23824317256282
2025-08-08,201.79900559333612
2025-08-11,201.19533930146608
2025-08-12,201.48295745774297
2025-08-13,201.03653464824154
2025-08-14,200.0699029449092
2025-08-15,199.05158597126018
2025-08-18,200.09846659354707
2025-08-19,197.7545409182113
2025-08-20,198.66349699749995
2025-08-21,198.8660100236121
2025-08-22,203.5741429453097
2025-08-25,204.0253817373938
2025-08-26,203.54851260323719
2025-08-27,204.57352685242924
2025-08-28,205.75380688894862
2025-08-29,206.3197055156292
2025-09-01,206.85499856649204
2025-09-02,206.41015264609436
2025-09-03,205.94953581095172
2025-09-04,205.55319595466088
2025-09-05,206.2169666204084
2025-09-08,205.7633356045143
2025-09-09,205.17545436771283
2025-09-10,206.67245199575692
2025-09-11,206.1914444625325
2025-09-12,205.73542039739004
2025-09-15,206.1097421359342
2025-09-16,206.5330099824312
2025-09-17,207.5416973110921
2025-09-18,206.8782778815816
2025-09-19,206.3098463940951
2025-09-22,207.4267894394192
2025-09-23,208.05545752091533
2025-09-24,209.52389877637387
2025-09-25,208.31092170830797
2025-09-26,207.71399416787335
2025-09-29,207.48533136497988
2025-09-30,207.53130256541053
2025-10-01,206.14887357558118
2025-10-02,205.97369334508426
2025-10-03,206.3808771406463
2025-10-06,205.16443397278726
2025-10-07,204.43836238831187
2025-10-08,204.25847613040696
2025-10-09,205.67468577892313
2025-10-10,204.49174909367468
2025-10-13,207.06928930417484
2025-10-14,206.06075291264588
2025-10-15,206.18454382664984
2025-10-16,206.74385025135382
2025-10-17,209.40132679643264
2025-10-20,209.50745579855058
2025-10-21,209.12009582129198
2025-10-22,210.9298377716992
2025-10-23,213.32824451760018
2025-10-24,212.62064969384392
2025-10-27,213.53718688088836
2025-10-28,214.72467569288636
2025-10-29,215.75374280386637
2025-10-30,214.94507243612566
2025-10-31,216.3009227494338
2025-11-03,218.3294338143972
2025-11-04,218.05461568372874
2025-11-05,220.76872425016194
2025-11-06,221.49575834250953
2025-11-07,224.41771378199337
2025-11-10,225.67179955571567
2025-11-11,228.35728176093556
2025-11-12,225.06153437243645
2025-11-13,225.2768455413323
2025-11-14,225.11450574438817
2025-11-17,224.56593258655656
2025-11-18,223.785120039863
2025-11-19,223.56974526879605
2025-11-21,222.81805920832258
2025-11-24,222.89789147077124
2025-11-25,222.69124779210688
2025-11-26,225.8969521864428
2025-11-27,225.63401802696046
2025-11-28,226.79177742870397
2025-12-01,228.13538492525996
2025-12-02,230.00159042098363
2025-12-03,230.89043922386477
2025-12-04,233.7410422212297
2025-12-05,231.0665488751575
2025-12-08,232.8492439381621
2025-12-09,232.7262813880019
2025-12-10,234.7279188848493
2025-12-11,234.71061428961477
2025-12-12,236.62056801488134
2025-12-15,237.8680845381982
2025-12-16,235.59311331403453
2025-12-17,236.20163313311076
2025-12-18,236.43554027438068
2025-12-19,237.39438364373433
2025-12-22,237.4138634513954
2025-12-23,238.930668069138
2025-12-26,240.15661701301735
2025-12-29,240.1283452722822
2025-12-30,240.33856746612435
2026-01-02,240.06060065785746
2026-01-05,240.00812250321547
2026-01-06,241.10068893546148
2026-01-07,240.3102599207108
2026-01-08,238.48087556891207
2026-01-09,238.67986341082695
2026-01-12,239.45765490181392
2026-01-13,240.09294544983908
2026-01-14,244.46271370815765
2026-01-15,243.81175171490622
2026-01-16,244.03256648933686
2026-01-19,243.83263694675856
2026-01-20,245.04522603275962
2026-01-21,251.4630344748702
2026-01-22,255.78526585930834
2026-01-23,260.8460081725088
2026-01-26,263.1760053222749
2026-01-27,268.09003949471094
2026-01-28,270.413181175288
2026-01-29,271.8535736595669
2026-01-30,268.9110273340185
2026-02-02,269.44382166485497
2026-02-03,274.918125625978
2026-02-04,270.3537907253657
2026-02-05,270.0378883628052
2026-02-06,269.5719604315878
2026-02-09,275.38744722916175
2026-02-10,273.74915125723834
2026-02-11,278.94008956641676
2026-02-12,276.6101975435218
2026-02-13,274.26860045498984
2026-02-18,273.31828729254687
2026-02-19,272.03658207145776
2026-02-20,275.55408413070796
2026-02-23,274.9582115216609
2026-02-24,276.84579637284327
2026-02-25,275.9837241463117
2026-02-26,274.71304876716636
2026-02-27,273.30610918297214
2026-03-02,274.46285171314827
2026-03-03,269.42144849813565
2026-03-04,268.8944929287792
2026-03-05,265.65396220887743
2026-03-06,266.6503202247029
2026-03-09,268.78994077458685
2026-03-10,270.50679905539613
2026-03-11,273.20634452854983
2026-03-12,271.3038567271256
2026-03-13,270.4916870585828
2026-03-16,273.14345709067493
2026-03-17,274.37113114867276
2026-03-18,274.01256898824533
2026-03-19,274.32633088636413
2026-03-20,270.4438272103267
